{"cameraMode":{"drawMode":0,"name":"Shaded","section":"Shading Mode"},"sceneLighting":false,"audioPlay":false,"sceneViewState":{"m_AlwaysRefresh":false,"showFog":true,"showSkybox":false,"showFlares":true,"showImageEffects":true,"showParticleSystems":true,"showVisualEffectGraphs":true,"m_FxEnabled":true},"in2DMode":false,"pivot":{"x":2.493004083633423,"y":0.2798168659210205,"z":3.4664676189422609},"rotation":{"x":-0.09734335541725159,"y":0.01582297682762146,"z":-0.0015512973768636585,"w":-0.9951326847076416},"size":0.840233325958252,"orthographic":false}