{"cameraMode":{"drawMode":0,"name":"Shaded","section":"Shading Mode"},"sceneLighting":false,"audioPlay":false,"sceneViewState":{"m_AlwaysRefresh":false,"showFog":true,"showSkybox":false,"showFlares":true,"showImageEffects":true,"showParticleSystems":true,"showVisualEffectGraphs":true,"m_FxEnabled":true},"in2DMode":false,"pivot":{"x":2.64782977104187,"y":0.22750228643417359,"z":3.4329915046691896},"rotation":{"x":-0.14350423216819764,"y":-0.010986103676259518,"z":0.0015890178037807346,"w":-0.9895959496498108},"size":1.368880271911621,"orthographic":false}