{"cameraMode":{"drawMode":0,"name":"Shaded","section":"Shading Mode"},"sceneLighting":false,"audioPlay":false,"sceneViewState":{"m_AlwaysRefresh":false,"showFog":true,"showSkybox":false,"showFlares":true,"showImageEffects":true,"showParticleSystems":true,"showVisualEffectGraphs":true,"m_FxEnabled":true},"in2DMode":false,"pivot":{"x":2.3399925231933595,"y":0.3999220132827759,"z":3.688185930252075},"rotation":{"x":-0.11972235888242722,"y":0.0008925231522880495,"z":-0.00011146823089802638,"w":-0.9928152561187744},"size":1.098459243774414,"orthographic":false}